Order ID,Order Date,Category,Region,Sales,Profit
1001,2023-01-31,Clothing,East,43333,13666
1002,2023-02-28,Office Supplies,East,22433,14274
1003,2023-03-31,Electronics,West,25311,7558
1004,2023-04-30,Clothing,North,25051,12849
1005,2023-05-31,Clothing,West,26420,7047
1006,2023-06-30,Office Supplies,West,37568,7747
1007,2023-07-31,Electronics,West,40939,14167
1008,2023-08-31,Electronics,East,39769,14998
1009,2023-09-30,Clothing,South,48693,5189
1010,2023-10-31,Furniture,North,26396,7734
1011,2023-11-30,Clothing,South,49419,8005
1012,2023-12-31,Clothing,West,47480,9658
